<?xml version="1.0" encoding="UTF-8"?>

<hibernate-configuration>
	<session-factory>
		<!-- Database connection settings -->
		<property name="hibernate.dialect">org.hibernate.dialect.MySQLDialect</property>
		<property name="hibernate.connection.driver_class">com.mysql.cj.jdbc.Driver</property>
		<property name="hibernate.connection.url">jdbc:mysql://localhost:3306/employeeDB</property>
		<property name="hibernate.connection.username">root</property>
		<property name="hibernate.connection.password">piyush</property>

		<!-- Hibernate Properties -->
		<property name="hibernate.dialect">org.hibernate.dialect.MySQL8Dialect</property>
		<property name="hibernate.show_sql">true</property>
		<property name="hibernate.hbm2ddl.auto">update</property>


		<!-- Enable Hibernate's automatic session context management -->
		<property name="hibernate.current_session_context_class">thread</property>

		<!-- Echo all executed SQL to stdout -->
		<property name="hibernate.show_sql">true</property>

		<!-- Drop and re-create the database schema on startup -->
		<property name="hibernate.hbm2ddl.auto">update</property>

		<!-- Mention annotated classes -->
		<mapping class="com.example.Employee" />
		<mapping class="com.example.Address" />
		<mapping class="com.example.User" />

	</session-factory>
</hibernate-configuration>
